romdasSpikes,calcSpikes,iri,meanY,sdY,meanX,sdX,meanZ,sdZ,romLog,iroadLog
1214.0,18,3.95,9.80066087591739,0.055887135949834084,5.058506624604123e-19,0.055887135949834084,0.001917388829556506,0.055887135949834084,3.0842186867392387,1.255272505103306
1403.0,24,4.17,9.799530931589556,0.07571679441157605,9.036493242804923e-19,0.07571679441157605,-0.0013951196923558712,0.07571679441157605,3.1470576710283598,1.380211241711606
1268.0,25,4.02,9.800078354748814,0.08225969272653583,-2.2669681788333283e-19,0.08225969272653583,-0.010717472901909657,0.08225969272653583,3.1031192535457137,1.3979400086720377
943.0,17,3.64,9.802007668276866,0.06934885827471425,5.778928206115505e-19,0.06934885827471425,0.009442235638270983,0.06934885827471425,2.9745116927373285,1.2304489213782739
1715.0,269,4.54,9.79975701032933,0.10040249594645968,1.44662452109166e-19,0.10040249594645968,0.0008976489651686927,0.10040249594645968,3.2342641243787895,2.429752280002408
1282.0,34,4.04,9.796786766336925,0.0706120116822265,5.605604586692691e-19,0.0706120116822265,0.006562383970731303,0.0706120116822265,3.1078880251827985,1.5314789170422551
1098.0,20,3.82,9.80162910922543,0.08924093297903757,-1.5488267955874904e-19,0.08924093297903757,0.001882750421320239,0.08924093297903757,3.040602340114073,1.3010299956639813
901.0,16,3.59,9.800090132769418,0.06384167894825021,-1.0612425970681669e-19,0.06384167894825021,-0.002341251785481142,0.06384167894825021,2.954724790979063,1.2041199826559248
1001.0,24,3.72,9.797275930804972,0.07624044347730861,-9.091235994471042e-19,0.07624044347730861,-0.0025025015152324898,0.07624044347730861,3.000434077479319,1.380211241711606
1049.0,14,3.76,9.798159884725298,0.0713719086314276,-4.1509454603730743e-19,0.0713719086314276,-0.012508323478707778,0.0713719086314276,3.020775488193558,1.146128035678238
1258.0,28,4.0,9.803503711514358,0.07789529123332462,1.171996104501404e-18,0.07789529123332462,-0.006758365546152184,0.07789529123332462,3.09968064110925,1.4471580313422192
1646.0,32,4.46,9.792625856399535,0.08898706099769388,-9.6710833785707e-19,0.08898706099769388,0.0035579372186749043,0.08898706099769388,3.216429830876251,1.505149978319906
1475.0,23,4.26,9.801123677995472,0.07111802572926866,6.090806871207459e-19,0.07111802572926866,0.0017942670573654514,0.07111802572926866,3.1687920203141817,1.3617278360175928
1153.0,38,3.88,9.798707131385804,0.10202853469637009,2.602085213965213e-19,0.10202853469637009,0.007335160857762845,0.10202853469637009,3.061829307294699,1.5797835966168101
1099.0,22,3.82,9.802456659234087,0.07153131022737125,2.5342047301226407e-18,0.07153131022737125,0.0029009981347905282,0.07153131022737125,3.0409976924234905,1.3424226808222062
1606.0,124,4.41,9.799226508885216,0.08295528216824169,-1.1644034290803442e-20,0.08295528216824169,-0.0012436915394833535,0.08295528216824169,3.205745540942662,2.093421685162235
1082.0,19,3.8,9.800925970519616,0.05785109884204595,1.0511734970323034e-19,0.05785109884204595,0.0028914292123929626,0.05785109884204595,3.0342272607705505,1.2787536009528289
1007.0,16,3.72,9.80002037332413,0.058878292305619855,-5.63785129692462e-19,0.058878292305619855,-0.0021178190464632577,0.058878292305619855,3.003029470553618,1.2041199826559248
749.0,22,3.41,9.798164237876993,0.07699306674618168,-3.2721982258092023e-19,0.07699306674618168,0.0017979830183262454,0.07699306674618168,2.8744818176994666,1.3424226808222062
734.0,22,3.41,9.798006987700592,0.07310346028697255,1.1486682476062645e-19,0.07310346028697255,0.002878359215532457,0.07310346028697255,2.8656960599160706,1.3424226808222062
993.0,25,3.7,9.796249596995692,0.09120794254126212,1.7906822977825096e-19,0.09120794254126212,0.0017066729735522698,0.09120794254126212,2.996949248495381,1.3979400086720377
851.0,14,3.53,9.802435582949792,0.061735205317968674,6.125072932245951e-19,0.061735205317968674,-0.004058585516548262,0.061735205317968674,2.929929560084588,1.146128035678238
778.0,19,3.45,9.797406893999149,0.0626954602399962,-1.4759285256500525e-19,0.0626954602399962,0.0032849352245068407,0.0626954602399962,2.890979596989689,1.2787536009528289
1233.0,31,3.97,9.796884650724483,0.08961411981284147,-1.4713799121538217e-18,0.08961411981284147,-0.00034966687154066575,0.08961411981284147,3.0909630765957314,1.4913616938342726
1118.0,23,3.84,9.796868384838104,0.0774597250544492,2.2551406014879135e-19,0.0774597250544492,-0.000941851326154191,0.0774597250544492,3.0484418035504044,1.3617278360175928
1829.0,32,4.67,9.799981176015494,0.05328383064098602,2.9835538898863884e-20,0.05328383064098602,-0.0006568667058337805,0.05328383064098602,3.262213705476417,1.505149978319906
2290.0,138,5.2,9.798812576203835,0.06001588788393134,1.7335852059794475e-19,0.06001588788393134,0.001793732466410702,0.06001588788393134,3.359835482339888,2.1398790864012365
2743.0,303,5.73,9.798856466578211,0.07920704896616486,-7.104064372986334e-22,0.07920704896616486,0.0005992143183577378,0.07920704896616486,3.4382258076045296,2.481442628502305
2642.0,66,5.6,9.800037643344417,0.10861663087360403,-1.7447507793061558e-19,0.10861663087360403,-0.0023560080415600177,0.10861663087360403,3.4219328132785085,1.8195439355418688
2177.0,41,5.07,9.80136768847704,0.08788982723565116,1.7143946852427018e-19,0.08788982723565116,0.004993398305567991,0.08788982723565116,3.3378584290410944,1.6127838567197355
3531.0,69,6.64,9.799515464473416,0.11978477502815345,-1.0239556950090128e-18,0.11978477502815345,0.0036155121511362025,0.11978477502815345,3.5478977175630972,1.8388490907372552
1380.0,26,4.15,9.796002394043574,0.078726870789899,8.415985180481542e-20,0.078726870789899,0.005978579106066818,0.078726870789899,3.1398790864012365,1.414973347970818
1282.0,35,4.03,9.797849850808422,0.09247821503719982,7.673133516797133e-19,0.09247821503719982,0.01305448677340525,0.09247821503719982,3.1078880251827985,1.5440680443502757
1590.0,31,4.39,9.796547309473944,0.10562078332425615,2.3738321250208926e-19,0.10562078332425615,0.007204489056940433,0.10562078332425615,3.2013971243204513,1.4913616938342726
1578.0,24,4.37,9.80229339298449,0.09108452157244312,-1.1412654447215811e-19,0.09108452157244312,-0.007490006904636692,0.09108452157244312,3.1981069988734014,1.380211241711606
1797.0,43,4.62,9.79815016595941,0.11755323249930211,3.058591391853845e-19,0.11755323249930211,0.008122220602518163,0.11755323249930211,3.2545480771089736,1.6334684555795864
1374.0,36,4.15,9.797701566672023,0.1180941802623179,6.916935378894864e-20,0.1180941802623179,0.009546901692368635,0.1180941802623179,3.137986732723532,1.5563025007672873
1296.0,31,4.05,9.802237949873271,0.09961000240595003,-8.274174474231481e-19,0.09961000240595003,-0.0016271428777250136,0.09961000240595003,3.1126050015345745,1.4913616938342726
803.0,15,3.48,9.799071180787806,0.06372865329345351,3.564500293103025e-19,0.06372865329345351,0.0038825080208689283,0.06372865329345351,2.904715545278681,1.1760912590556813
881.0,15,3.57,9.799577638675004,0.06937437782771556,2.0772201622594074e-18,0.06937437782771556,0.0024104350439903112,0.06937437782771556,2.9449759084120477,1.1760912590556813
1411.0,20,4.19,9.799699014027913,0.11498230340332657,-1.5199481884749163e-18,0.11498230340332657,-0.006109732497771192,0.11498230340332657,3.149527013754348,1.3010299956639813
1302.0,34,4.05,9.798646478780112,0.09589453487312383,-5.551115123125765e-20,0.09589453487312383,0.00028044548600715405,0.09589453487312383,3.114610984232173,1.5314789170422551
1397.0,24,4.17,9.79681949163738,0.1041118828297828,6.984544521696093e-19,0.1041118828297828,0.0006884294004088752,0.1041118828297828,3.1451964061141817,1.380211241711606
1174.0,26,3.91,9.808099963037591,0.09832118763776657,4.291158072153154e-19,0.09832118763776657,-0.005839681001657361,0.09832118763776657,3.0696680969115957,1.414973347970818
1023.0,20,3.73,9.798200084738538,0.0822884359071935,-5.27546043379248e-19,0.0822884359071935,0.004617507962216221,0.0822884359071935,3.00987563371216,1.3010299956639813
1255.0,22,4.0,9.798996955971969,0.0965026489032563,-3.674874732003501e-19,0.0965026489032563,0.0007332602961854842,0.0965026489032563,3.098643725817057,1.3424226808222062
1162.0,20,3.89,9.800014187848129,0.06948926066003269,5.379387950972354e-20,0.06948926066003269,-0.004966223912914535,0.06948926066003269,3.065206128054312,1.3010299956639813
1815.0,32,4.65,9.800147690600658,0.1280541644678206,-3.231235439286465e-19,0.1280541644678206,0.012659361345994272,0.1280541644678206,3.258876629372131,1.505149978319906
2261.0,28,5.17,9.799715787005681,0.0808112851780246,-1.7041441563589613e-20,0.0808112851780246,-0.0026372315688074797,0.0808112851780246,3.35430056234536,1.4471580313422192
1668.0,28,4.48,9.804586023654577,0.07173615450415588,-4.048757010047738e-20,0.07173615450415588,-0.0030404522463583993,0.07173615450415588,3.22219604630172,1.4471580313422192
1723.0,30,4.54,9.801697008132937,0.07806472798186415,-1.2429293705373821e-18,0.07806472798186415,0.005996646267987806,0.07806472798186415,3.2362852774480286,1.4771212547196624
1566.0,26,4.36,9.799558682358056,0.05693250612332682,2.054277800498851e-19,0.05693250612332682,-0.0023478972943382225,0.05693250612332682,3.1947917577219247,1.414973347970818
1818.0,38,4.65,9.799973170358385,0.06119805634742375,5.018548266104114e-19,0.06119805634742375,0.0015868236828957395,0.06119805634742375,3.2595938788859486,1.5797835966168101
2483.0,49,5.42,9.802416301507217,0.14453492373682164,-1.3010426069826055e-18,0.14453492373682164,0.00014484825380258663,0.14453492373682164,3.394976719554564,1.6901960800285136
1812.0,21,4.64,9.797363561368458,0.06840529363054038,1.1224681315144045e-19,0.06840529363054038,0.006991638157478559,0.06840529363054038,3.2581581933407944,1.3222192947339193
1987.0,41,4.85,9.78795587888328,0.19861825577955483,-2.225295813806808e-18,0.19861825577955483,0.004477263915812072,0.19861825577955483,3.298197867109815,1.6127838567197355
1746.0,44,4.57,9.800871819359424,0.04952331812215051,-4.93831699125979e-19,0.04952331812215051,-0.0005330061611575021,0.04952331812215051,3.2420442393695508,1.6434526764861874
2963.0,75,5.98,9.801721305596201,0.09436154304633261,5.500899443558035e-19,0.09436154304633261,0.0011732381249016386,0.09436154304633261,3.471731651480051,1.8750612633917
1725.0,35,4.55,9.799755422738883,0.07305259447672946,1.0354964748907706e-18,0.07305259447672946,0.0002553776815664458,0.07305259447672946,3.2367890994092927,1.5440680443502757
1356.0,27,4.12,9.798179018877555,0.07785308326984482,-2.846813311538918e-19,0.07785308326984482,0.004009603122201365,0.07785308326984482,3.1322596895310446,1.4313637641589874
1222.0,18,3.97,9.802121351350028,0.06372763579943776,-8.182657905551267e-21,0.06372763579943776,-0.0010095773419635974,0.06372763579943776,3.0870712059065353,1.255272505103306
1148.0,15,3.88,9.801096743230952,0.06458093554985933,1.5446167936780337e-20,0.06458093554985933,-0.0038519995075539117,0.06458093554985933,3.059941888061955,1.1760912590556813
1112.0,28,3.83,9.796822754916024,0.10563701306656478,-7.39808541225403e-19,0.10563701306656478,-0.004488188761092976,0.10563701306656478,3.0461047872460387,1.4471580313422192
1560.0,39,4.37,9.797150898774467,0.10354085602539817,-8.312216655722201e-19,0.10354085602539817,-0.001590112434338978,0.10354085602539817,3.1931245983544616,1.591064607026499
1614.0,33,4.42,9.80611362818125,0.1023952314594607,-3.563215788492903e-19,0.1023952314594607,-0.00995161219922715,0.1023952314594607,3.2079035303860515,1.5185139398778875
1332.0,27,4.09,9.797365083952208,0.09327909028138678,-1.2565024096264443e-18,0.09327909028138678,-0.004006475035982496,0.09327909028138678,3.1245042248342823,1.4313637641589874
1299.0,29,4.05,9.800612917900086,0.09799106616799273,-1.5178830414797076e-19,0.09799106616799273,0.0006629264221344966,0.09799106616799273,3.1136091510730277,1.462397997898956
1039.0,30,3.75,9.798666168580572,0.09547820131137864,-3.037428337281451e-19,0.09547820131137864,-0.0008446755937340862,0.09547820131137864,3.016615547557177,1.4771212547196624
2347.0,49,5.27,9.798711486122826,0.11050069845093215,9.840613172813885e-19,0.11050069845093215,0.004481894465465699,0.11050069845093215,3.3705130895985924,1.6901960800285136
3241.0,52,6.3,9.80475675815085,0.12839386325762192,-3.160213651056547e-19,0.12839386325762192,-0.012291186918230198,0.12839386325762192,3.51067903103221,1.7160033436347992
1822.0,35,4.66,9.797896462825308,0.1427168679572604,9.738798461624178e-19,0.1427168679572604,0.005462282253522191,0.1427168679572604,3.2605483726369795,1.5440680443502757
1572.0,24,4.37,9.803268553003088,0.08423435779368167,5.92509446989481e-19,0.08423435779368167,-0.0035737102688334797,0.08423435779368167,3.196452541703389,1.380211241711606
1148.0,25,3.88,9.796598940668881,0.08646383741641747,8.064119942378675e-19,0.08646383741641747,-0.0010010532682845367,0.08646383741641747,3.059941888061955,1.3979400086720377
1617.0,31,4.42,9.79993702979937,0.11038202910759604,2.2693985199422597e-19,0.11038202910759604,0.009506357106191294,0.11038202910759604,3.208710019906401,1.4913616938342726
1603.0,36,4.4,9.797802373986498,0.12460961100267702,1.00887865313388e-18,0.12460961100267702,0.0032797282351049377,0.12460961100267702,3.204933522354145,1.5563025007672873
2137.0,52,5.02,9.801433675407184,0.09629074448942634,1.0923605254665833e-18,0.09629074448942634,-0.008183427205461755,0.09629074448942634,3.3298045221640695,1.7160033436347992
2270.0,44,5.18,9.800572571044274,0.08210775645551116,-5.95157788300557e-20,0.08210775645551116,-0.0035032005800593085,0.08210775645551116,3.3560258571931225,1.6434526764861874
2082.0,51,4.96,9.801655650058036,0.10807845907784042,-3.9692825297774424e-19,0.10807845907784042,-0.0008261798861763555,0.10807845907784042,3.3184807251745174,1.7075701760979363
983.0,20,3.69,9.800184442967545,0.07424551955079606,-5.225586767140011e-19,0.07424551955079606,-0.006556326650138301,0.07424551955079606,2.9925535178321354,1.3010299956639813
1239.0,44,3.98,9.802753331184388,0.12266350720930849,1.7173762412170394e-18,0.12266350720930849,0.008614591413597085,0.12266350720930849,3.0930713063760633,1.6434526764861874
1370.0,6,4.13,9.781995605892606,0.0852389929830187,-2.1587669923266933e-18,0.0852389929830187,0.0032198810021318424,0.0852389929830187,3.1367205671564067,0.7781512503836436
2307.0,33,5.22,9.79345014674323,0.08358492586469263,1.659603754026026e-18,0.08358492586469263,0.0040142971187022486,0.08358492586469263,3.3630475945210936,1.5185139398778875
3195.0,60,6.25,9.796164028742542,0.11955748447530941,-5.546734928677136e-20,0.11955748447530941,0.016999564709328903,0.11955748447530941,3.504470862494419,1.7781512503836436
2180.0,56,5.07,9.800692000235282,0.10144501185413951,-1.7701410246152293e-18,0.10144501185413951,-0.0028345179578569244,0.10144501185413951,3.3384564936046046,1.7481880270062005
2306.0,47,5.22,9.80105859612906,0.14192483431269023,-1.5174167179646585e-18,0.14192483431269023,0.005748913113144762,0.14192483431269023,3.36285930295868,1.6720978579357175
2936.0,59,5.95,9.798859202835587,0.23071863747939736,-2.3674671591814697e-18,0.23071863747939736,-0.0016107451010810405,0.23071863747939736,3.467756051244033,1.7708520116421442
1916.0,33,4.76,9.801567115350204,0.1009791073137943,-3.6123974102828825e-19,0.1009791073137943,0.003277072683545601,0.1009791073137943,3.2823955047425257,1.5185139398778875
2744.0,59,5.73,9.799883902859506,0.046656204758037,2.1357098895179037e-19,0.046656204758037,4.669216574100347e-05,0.046656204758037,3.438384107034714,1.7708520116421442
2452.0,48,5.39,9.80483628763093,0.10254553395804453,7.93876924075497e-19,0.10254553395804453,0.003530159209975834,0.10254553395804453,3.3895204658463776,1.6812412373755872
1955.0,32,4.81,9.797508362811548,0.09219467883891559,-6.086616717883842e-19,0.09219467883891559,-0.0002054105022730141,0.09219467883891559,3.2911467617318855,1.505149978319906
2590.0,52,5.55,9.80180185840748,0.11325294852218708,-4.111937128241269e-20,0.11325294852218708,-0.0015102746366556722,0.11325294852218708,3.413299764081252,1.7160033436347992
2767.0,71,5.76,9.800204693452093,0.11263206513149349,-1.0997617151135408e-18,0.11263206513149349,-0.00039781969576897937,0.11263206513149349,3.442009159140952,1.8512583487190752
2023.0,48,4.89,9.7959429175926,0.11026862667367947,8.007294846208398e-19,0.11026862667367947,0.00837963014689,0.11026862667367947,3.3059958827708047,1.6812412373755872
1636.0,14,4.44,9.808289434089035,0.08652455024093143,3.924456388275404e-19,0.08652455024093143,-0.006602417868760722,0.08652455024093143,3.2137832993353044,1.146128035678238
1595.0,35,4.4,9.79886590355321,0.0969558491027507,3.5607481875313467e-19,0.0969558491027507,-0.005897782601820315,0.0969558491027507,3.2027606873931997,1.5440680443502757
1819.0,32,4.65,9.799289300818195,0.11348099693029336,-1.8260247115545322e-19,0.11348099693029336,0.00024655441119448754,0.11348099693029336,3.2598326990634834,1.505149978319906
1597.0,28,4.4,9.7955997110668,0.0950764527504306,-3.834651894264517e-19,0.0950764527504306,0.003041628844187116,0.0950764527504306,3.203304916138483,1.4471580313422192
1590.0,33,4.39,9.80216762821849,0.09604627935755825,-9.223651652754733e-19,0.09604627935755825,-0.003716038244670734,0.09604627935755825,3.2013971243204513,1.5185139398778875
2547.0,306,5.5,9.800043839623768,0.052206610639912956,4.881536294230305e-21,0.052206610639912956,0.0008556354211579759,0.052206610639912956,3.406028944963615,2.48572142648158
2265.0,64,5.17,9.799532718658446,0.06982412440681289,3.150605300200916e-19,0.06982412440681289,0.001041489838961915,0.06982412440681289,3.3550682063488506,1.806179973983887
1751.0,32,4.58,9.800066299193945,0.0718288592196897,2.830045670744215e-19,0.0718288592196897,-0.006747529201938414,0.0718288592196897,3.243286146083446,1.505149978319906
3701.0,92,6.84,9.800588417651136,0.0836725693714107,9.44037603227504e-19,0.0836725693714107,-0.0038528906020512395,0.0836725693714107,3.5683190850951116,1.9637878273455553
3342.0,85,6.42,9.796075637676099,0.1242279785763848,-3.1610516673355153e-19,0.1242279785763848,0.004504492882168095,0.1242279785763848,3.5240064455573727,1.9294189257142926
3798.0,73,6.95,9.796668432755904,0.12213504234210912,-5.101155640469486e-19,0.12213504234210912,0.007580615421383965,0.12213504234210912,3.5795549604009986,1.863322860120456
3397.0,73,6.48,9.804345297315228,0.14511082701450867,5.851455307026247e-19,0.14511082701450867,0.0008345363917172757,0.14511082701450867,3.531095546870028,1.863322860120456
2191.0,53,5.09,9.79958292131947,0.06755154616449985,-2.020417804817298e-19,0.06755154616449985,-0.0016763315833837463,0.06755154616449985,3.3406423775607053,1.724275869600789
3481.0,72,6.58,9.794590082103705,0.11893500192865782,-2.6070784981735023e-19,0.11893500192865782,-0.00756406131101497,0.11893500192865782,3.5417040232842885,1.8573324964312685
2271.0,61,5.18,9.80096477414355,0.11729270706628418,-2.8162486060611146e-19,0.11729270706628418,-0.0027230991300290874,0.11729270706628418,3.3562171342197353,1.7853298350107671
1840.0,41,4.68,9.803485958099367,0.10252469089836674,-6.366916698802203e-19,0.10252469089836674,-0.00818464197209306,0.10252469089836674,3.2648178230095364,1.6127838567197355
1606.0,17,4.41,9.801872364355596,0.07135423742817647,-3.451745691994667e-19,0.07135423742817647,0.00043668679185438495,0.07135423742817647,3.205745540942662,1.2304489213782739
1963.0,42,4.82,9.796288290671933,0.10016555720754505,3.9073383148215435e-19,0.10016555720754505,0.0018203255972768814,0.10016555720754505,3.292920299600006,1.6232492903979006
3043.0,182,6.08,9.799292933722022,0.06616328345839112,3.821913401927752e-21,0.06616328345839112,0.000536261892043867,0.06616328345839112,3.483301952358167,2.2600713879850747
1847.0,38,4.69,9.800880766440564,0.1059062402885176,3.387491512143683e-19,0.1059062402885176,0.0035170745587801704,0.1059062402885176,3.2664668954402414,1.5797835966168101
4132.0,89,7.34,9.799631996115298,0.06669770751607217,1.1811509187999063e-19,0.06669770751607217,0.0007151949945535916,0.06669770751607217,3.6161603128475828,1.9493900066449128
1293.0,24,4.05,9.799095633201992,0.07349036732735725,-6.080474039506334e-19,0.07349036732735725,0.0015702553976992234,0.07349036732735725,3.111598524880394,1.380211241711606
1708.0,23,4.53,9.793628231896296,0.09014272238212573,1.2759854901073845e-18,0.09014272238212573,0.00614335794250939,0.09014272238212573,3.232487866352986,1.3617278360175928
1546.0,26,4.34,9.797795296121153,0.10188237680688453,3.893900568416026e-19,0.10188237680688453,0.004389423908754742,0.10188237680688453,3.189209489582306,1.414973347970818
2094.0,42,4.97,9.799559062715744,0.060077533553429194,1.1451271284016085e-19,0.060077533553429194,-0.0006234505312168829,0.060077533553429194,3.3209766773428235,1.6232492903979006
3798.0,75,6.94,9.800057944610344,0.19287241386323156,-4.548182558863565e-19,0.19287241386323156,0.003817240001397542,0.19287241386323156,3.5795549604009986,1.8750612633917
1163.0,28,4.01,9.797408941586813,0.08092450484922355,3.168279681818752e-19,0.08092450484922355,0.00561918798684483,0.08092450484922355,3.0655797147284485,1.4471580313422192
1694.0,34,4.51,9.801864017139781,0.07142202799488752,-1.5333100411167872e-09,0.07142202799488752,9.980800460807864e-10,0.07142202799488752,3.228913405994688,1.5314789170422551
1461.0,34,4.24,9.803053438252414,0.07700561774539672,2.33828928405785e-10,0.07700561774539672,7.470861147988747e-10,0.07700561774539672,3.1646502159342966,1.5314789170422551
1303.0,16,4.06,9.80017068139438,0.059527738927847525,-7.913614674342601e-10,0.059527738927847525,-7.922988700959539e-10,0.059527738927847525,3.1149444157125847,1.2041199826559248
1502.0,26,4.29,9.797465680915618,0.07259846855586545,-1.1392752104899569e-10,0.07259846855586545,-3.6762634886135196e-11,0.07259846855586545,3.17666993266815,1.414973347970818
1026.0,19,3.74,9.799970347231085,0.07069118341686109,1.257311140328553e-10,0.07069118341686109,-5.556344313101208e-10,0.07069118341686109,3.0111473607757975,1.2787536009528289
963.0,16,3.66,9.799339314869473,0.0636354403832362,3.4386496130166145e-10,0.0636354403832362,3.011672109418873e-10,0.0636354403832362,2.9836262871245345,1.2041199826559248
740.0,9,3.41,9.797882412641478,0.05259466188909835,2.3677505837516943e-10,0.05259466188909835,5.790874377774191e-10,0.05259466188909835,2.8692317197309762,0.9542425094393249
747.0,13,3.41,9.796971890800881,0.061943929013377606,1.1412812779683102e-10,0.061943929013377606,-6.556776900144974e-10,0.061943929013377606,2.873320601815399,1.1139433523068367
1318.0,31,4.08,9.79727441953576,0.09414963641669916,-8.435968064551083e-11,0.09414963641669916,2.5130386998691837e-10,0.09414963641669916,3.119915410257991,1.4913616938342726
846.0,20,3.53,9.803536301274455,0.0771020188804533,4.485288702403058e-11,0.0771020188804533,-2.793716087199993e-10,0.0771020188804533,2.9273703630390235,1.3010299956639813
1157.0,25,3.89,9.800741471184628,0.07081973659340991,-1.6303719581668527e-09,0.07081973659340991,-4.020449259443073e-10,0.07081973659340991,3.0633333589517497,1.3979400086720377
1092.0,8,3.81,9.799328650680245,0.04925581643585567,-2.26556055260443e-10,0.04925581643585567,1.6445472592901383e-10,0.04925581643585567,3.0382226383687185,0.9030899869919435
821.0,6,3.5,9.802910625102909,0.0542036647103646,-4.8523579038742564e-11,0.0542036647103646,-2.362911393733319e-10,0.0542036647103646,2.9143431571194407,0.7781512503836436
840.0,17,3.52,9.799431377233462,0.0638602978969694,1.230463906672565e-11,0.0638602978969694,1.4633224135557417e-11,0.0638602978969694,2.9242792860618816,1.2304489213782739
651.0,19,3.3,9.800693532644985,0.06592841300872222,-5.051963593949812e-10,0.06592841300872222,-4.639935592938441e-10,0.06592841300872222,2.813580988568192,1.2787536009528289
677.0,14,3.33,9.798379800319672,0.06655690620258338,-3.674213680139816e-11,0.06655690620258338,9.859174360207476e-10,0.06655690620258338,2.8305886686851442,1.146128035678238
801.0,11,3.47,9.80323774078746,0.062468713115673244,8.148764468151758e-10,0.062468713115673244,8.387927448699899e-11,0.062468713115673244,2.9036325160842376,1.0413926851582251
877.0,21,3.56,9.792844966200533,0.07779340324378056,1.3761233924389538e-09,0.07779340324378056,-4.32504368820238e-10,0.07779340324378056,2.9429995933660407,1.3222192947339193
981.0,20,3.68,9.795620318821497,0.06953365839022889,9.043627537256325e-10,0.06953365839022889,-1.221849770540138e-10,0.06953365839022889,2.9916690073799486,1.3010299956639813
855.0,26,3.54,9.803037121784257,0.08581843964774101,-2.890267948598637e-10,0.08581843964774101,-3.887178288436942e-10,0.08581843964774101,2.931966114728173,1.414973347970818
946.0,24,3.64,9.803301099630504,0.07712761725920951,-8.236093555839099e-10,0.07712761725920951,-3.441197518333889e-10,0.07712761725920951,2.975891136401793,1.380211241711606
654.0,9,3.31,9.798118385515716,0.05504650406699976,4.0278863385124215e-10,0.05504650406699976,7.603980480699999e-10,0.05504650406699976,2.815577748324267,0.9542425094393249
660.0,14,3.31,9.799002701527364,0.06492190891873982,-6.521887384669215e-11,0.06492190891873982,4.746320469548414e-10,0.06492190891873982,2.8195439355418688,1.146128035678238
667.0,21,3.32,9.798840539455416,0.07278101618788918,1.7649210502418174e-10,0.07278101618788918,1.2999760411254328e-10,0.07278101618788918,2.824125833916549,1.3222192947339193
1021.0,16,3.73,9.800469635857477,0.07327519243330513,-1.9447651548940183e-13,0.07327519243330513,-1.225898146096306e-11,0.07327519243330513,3.0090257420869104,1.2041199826559248
918.0,25,3.61,9.79729679395568,0.07333647915202947,-1.5707781967381135e-10,0.07333647915202947,1.7667109619686156e-11,0.07333647915202947,2.9628426812012423,1.3979400086720377
818.0,21,3.49,9.800732349444042,0.07115659123422129,8.701688624042511e-11,0.07115659123422129,7.491859843955693e-11,0.07115659123422129,2.912753303671323,1.3222192947339193
1370.0,42,4.37,9.804371113543743,0.09387071900203958,-5.61583690036937e-12,0.09387071900203958,1.3444891707562874e-10,0.09387071900203958,3.1367205671564067,1.6232492903979006
1148.0,21,3.88,9.798939608636305,0.06272029393713435,-1.0980679890474258e-10,0.06272029393713435,-4.98147359712263e-10,0.06272029393713435,3.059941888061955,1.3222192947339193
1395.0,27,4.16,9.800278402834524,0.06996531362377842,-9.061781589049393e-10,0.06996531362377842,-1.2118883486689692e-10,0.06996531362377842,3.144574207609616,1.4313637641589874
1141.0,26,3.87,9.799194782481473,0.07786997012876583,1.512859823572925e-10,0.07786997012876583,9.977342324054491e-10,0.07786997012876583,3.0572856444182146,1.414973347970818
909.0,18,3.6,9.799582783929234,0.06370603214528447,9.269002708158854e-10,0.06370603214528447,5.426213486215387e-10,0.06370603214528447,2.9585638832219674,1.255272505103306
1615.0,39,4.42,9.801098759969076,0.10253085262070921,6.465680337893293e-10,0.10253085262070921,5.606829108485482e-10,0.10253085262070921,3.2081725266671217,1.591064607026499
835.0,11,3.51,9.797462417140153,0.06069725951881392,-6.547087094926245e-10,0.06069725951881392,2.872873067449077e-10,0.06069725951881392,2.921686475483602,1.0413926851582251
847.0,15,3.53,9.805100813472974,0.06648744243208046,4.5098716596988555e-10,0.06648744243208046,-1.0475798083362097e-09,0.06648744243208046,2.9278834103307068,1.1760912590556813
1432.0,54,4.21,9.800704084449555,0.0633032959210087,-3.626255568407402e-10,0.0633032959210087,1.406601840160719e-09,0.0633032959210087,3.1559430179718366,1.7323937598229686
1380.0,30,4.15,9.802171842575074,0.08143774843703512,3.6265699366022055e-10,0.08143774843703512,-3.041126801711772e-10,0.08143774843703512,3.1398790864012365,1.4771212547196624
1064.0,6,3.78,9.802547933888992,0.0507607573736378,-4.655068940829331e-10,0.0507607573736378,-1.7280846653634104e-10,0.0507607573736378,3.0269416279590295,0.7781512503836436
926.0,23,3.62,9.79521738767624,0.0765302654716658,2.2869649023277157e-10,0.0765302654716658,5.577072956935319e-10,0.0765302654716658,2.966610986681934,1.3617278360175928
938.0,25,3.63,9.799916249229794,0.08302180804902315,-3.678146815556817e-10,0.08302180804902315,1.1561692335239979e-10,0.08302180804902315,2.9722028383790646,1.3979400086720377
1142.0,20,3.87,9.802677342921127,0.07832578485881309,5.888618610100073e-10,0.07832578485881309,3.205612896534586e-10,0.07832578485881309,3.0576661039098294,1.3010299956639813
1026.0,29,3.73,9.800321571246997,0.10322913894380925,8.130925003337191e-10,0.10322913894380925,-4.855653604761117e-10,0.10322913894380925,3.0111473607757975,1.462397997898956
1503.0,37,4.3,9.796421463425094,0.10714653395550242,5.762726318272077e-12,0.10714653395550242,1.3910512705860863e-10,0.10714653395550242,3.176958980586908,1.568201724066995
903.0,25,3.59,9.803316933431745,0.0675203369996299,-1.3319640385939737e-10,0.0675203369996299,-3.5093055964487043e-10,0.0675203369996299,2.9556877503135057,1.3979400086720377
1059.0,16,3.77,9.795354998223136,0.06596169716947176,-2.8888654765563987e-10,0.06596169716947176,5.026756127395689e-10,0.06596169716947176,3.024895960107485,1.2041199826559248
1349.0,12,4.13,9.7977483959373,0.05377430344896157,4.267054129679951e-10,0.05377430344896157,-1.2962345874770013e-09,0.05377430344896157,3.1300119496719043,1.0791812460476249
1586.0,14,4.39,9.798626013933603,0.05804723170819171,1.5465743656419596e-10,0.05804723170819171,-3.0392784914822487e-10,0.05804723170819171,3.200303182981585,1.146128035678238
1232.0,12,3.97,9.801727039979236,0.05421706485812218,-1.5300574787478406e-10,0.05421706485812218,4.797004596443284e-10,0.05421706485812218,3.090610707828407,1.0791812460476249
915.0,16,3.61,9.79955349392361,0.06420622272742976,4.180621427959943e-10,0.06420622272742976,-3.477592293779718e-11,0.06420622272742976,2.9614210940664485,1.2041199826559248
1217.0,24,3.96,9.798767994023578,0.06011569320711549,2.6252538389856315e-10,0.06011569320711549,1.8808350149547435e-10,0.06011569320711549,3.085290578230065,1.380211241711606
1545.0,69,4.34,9.799535911071477,0.058807997055271295,3.4227093787894787e-10,0.058807997055271295,9.939749686243611e-11,0.058807997055271295,3.1889284837608534,1.8388490907372552
1014.0,9,3.72,9.799627094093813,0.05084953738664399,-6.490659631537628e-10,0.05084953738664399,3.9664227571008305e-10,0.05084953738664399,3.0060379549973173,0.9542425094393249
981.0,13,3.69,9.799792962807876,0.059092640011278855,-5.015466265718313e-10,0.059092640011278855,8.107570479095047e-10,0.059092640011278855,2.9916690073799486,1.1139433523068367
965.0,17,3.66,9.802500460364602,0.06941960527209709,-1.7975307233107941e-09,0.06941960527209709,-2.3988851583702927e-10,0.06941960527209709,2.9845273133437926,1.2304489213782739
718.0,14,3.38,9.796078845782159,0.058015711119047776,1.1112688157127218e-09,0.058015711119047776,1.5630827047770955e-10,0.058015711119047776,2.8561244442423,1.146128035678238
774.0,24,3.45,9.802396272477651,0.0695359509854572,-6.270764820289797e-10,0.0695359509854572,-1.7865506461700723e-10,0.0695359509854572,2.8887409606828927,1.380211241711606
1008.0,15,3.73,9.802582704351192,0.060413131236571015,2.5166116201773643e-10,0.060413131236571015,-6.717834025061185e-10,0.060413131236571015,3.0034605321095067,1.1760912590556813
1182.0,21,4.26,9.806449352264405,0.07200664500234094,4.630801612929197e-10,0.07200664500234094,-1.6246293042623264e-09,0.07200664500234094,3.0726174765452368,1.3222192947339193
3099.0,54,6.13,9.801732776320984,0.1347810012111886,-8.106184467181341e-19,0.1347810012111886,0.004275612269743508,0.1347810012111886,3.491221576239283,1.7323937598229686
1859.0,45,4.7,9.795215210824642,0.09864052047058654,4.844133480086176e-19,0.09864052047058654,-0.001994095319258452,0.09864052047058654,3.2692793897718984,1.6532125137753437
2689.0,40,5.67,9.803630347031815,0.10773819518752542,3.8297356738872574e-19,0.10773819518752542,-0.003017834877756807,0.10773819518752542,3.4295908022233017,1.6020599913279623
2216.0,52,5.12,9.801800438199725,0.08925898636684425,2.348072133554324e-19,0.08925898636684425,0.0006577146140811247,0.08925898636684425,3.345569756056392,1.7160033436347992
2428.0,60,5.36,9.800955890405959,0.11882655010503597,-2.3507934954825884e-19,0.11882655010503597,-0.0006377843417443695,0.11882655010503597,3.38524868240322,1.7781512503836436
2947.0,81,5.96,9.799877694141435,0.1291444382865175,-1.508245928906016e-18,0.1291444382865175,-0.0007748877120395844,0.1291444382865175,3.469380135849925,1.9084850188786497
2112.0,54,5.0,9.801591462856386,0.10396622294899031,-1.290465024812015e-19,0.10396622294899031,0.0024085024766439824,0.10396622294899031,3.3246939138617746,1.7323937598229686
2824.0,53,5.82,9.798850783232215,0.1448186323459906,-2.3337935887598017e-19,0.1448186323459906,-0.011894464325659443,0.1448186323459906,3.450864692379766,1.724275869600789
2890.0,65,5.9,9.800959265212382,0.13181409806469022,4.788410256002095e-19,0.13181409806469022,0.001378420805494849,0.13181409806469022,3.4608978427565478,1.8129133566428555
3131.0,163,6.18,9.797661416227466,0.0800554985010491,3.3037983662550154e-20,0.0800554985010491,0.0006452459634336014,0.0800554985010491,3.4956830676169153,2.2121876044039577
3901.0,245,7.07,9.799825549139335,0.08594384226693086,8.361915673089742e-11,0.08594384226693086,-0.000919914859284097,0.08594384226693086,3.5911759503117913,2.3891660843645326
4000.0,178,7.19,9.800905797179318,0.08712823942375535,-3.0441604040309427e-10,0.08712823942375535,3.092505247431706e-10,0.08712823942375535,3.6020599913279625,2.250420002308894
3865.0,107,7.03,9.799704718434631,0.08386219614887598,-4.1266458537247643e-10,0.08386219614887598,2.5474828618490354e-10,0.08386219614887598,3.5871494982543437,2.0293837776852097
5075.0,153,8.43,9.800436469220804,0.09097825732305537,2.911120781625073e-11,0.09097825732305537,5.857807650743665e-10,0.09097825732305537,3.7054360465852505,2.184691430817599
4973.0,205,8.32,9.800185309774509,0.10217774682278383,1.5508663236466213e-10,0.10217774682278383,4.083758691746814e-10,0.10217774682278383,3.696618459232225,2.311753861055754
3491.0,115,6.6,9.800699330639366,0.09431008217106117,-9.036871144069484e-10,0.09431008217106117,-2.792793872093957e-10,0.09431008217106117,3.5429498488141786,2.060697840353612
4451.0,123,7.7,9.800711194045252,0.10334002415320463,-8.757359071342041e-11,0.10334002415320463,-1.1902132974642977e-10,0.10334002415320463,3.6484575942825224,2.089905111439398
2673.0,74,5.65,9.798461859297046,0.07738683357577823,-2.70815935489502e-10,0.07738683357577823,-1.607916352546704e-10,0.07738683357577823,3.426998958756537,1.8692317197309762
3198.0,85,6.26,9.799780515481158,0.1078416230761582,-1.1089550302173686e-09,0.1078416230761582,-2.422611682378722e-10,0.1078416230761582,3.504878459410216,1.9294189257142926
2420.0,186,5.35,9.799683652346648,0.08233751539511969,-6.836915661395648e-11,0.08233751539511969,2.5209521310986653e-10,0.08233751539511969,3.383815365980431,2.2695129442179165
1890.0,133,4.74,9.800811991508732,0.09073223775262129,-2.1299138982243472e-10,0.09073223775262129,3.741470876665627e-10,0.09073223775262129,3.2764618041732443,2.123851640967086
3313.0,79,6.38,9.800807432542767,0.092806709881881,-1.6010529354563247e-10,0.092806709881881,-4.479018444535337e-10,0.092806709881881,3.52022143588196,1.8976270912904414
3056.0,63,6.09,9.798583120199352,0.09199051596183562,-4.410584525044466e-10,0.09199051596183562,-7.210004382089303e-10,0.09199051596183562,3.485153349903652,1.7993405494535817
2544.0,64,5.5,9.799420822991266,0.09051545649247836,6.232415329075685e-11,0.09051545649247836,3.6714416870942537e-11,0.09051545649247836,3.4055171069763763,1.806179973983887
2378.0,44,5.31,9.802553608838249,0.07485282900022777,-3.864884997776887e-10,0.07485282900022777,-6.257692787193455e-12,0.07485282900022777,3.376211850282673,1.6434526764861874
2444.0,115,5.38,9.801688193583834,0.09258788370070149,5.837266491472696e-10,0.09258788370070149,2.6636988936123443e-12,0.09258788370070149,3.3881012015705165,2.060697840353612
3163.0,85,6.21,9.802544239745744,0.1111255685406904,-4.441796538701304e-11,0.1111255685406904,-8.524981740314961e-10,0.1111255685406904,3.500099191915723,1.9294189257142926
1844.0,4,6.88,9.78937531639548,0.09844207669225451,-2.316720434193151e-10,0.09844207669225451,-4.931087207312989e-10,0.09844207669225451,3.2657609167176105,0.6020599913279624
1372.0,45,4.14,9.799838706234045,0.07807086314273734,-2.837946739207671e-19,0.07807086314273734,-0.0032799846152098164,0.07807086314273734,3.137354111370733,1.6532125137753437
1224.0,21,3.96,9.79800882379214,0.0704354350642646,6.975033976323413e-19,0.0704354350642646,0.007107796555189755,0.0704354350642646,3.087781417809542,1.3222192947339193
1096.0,23,3.82,9.800237139293127,0.08507534751191431,2.602085213965211e-19,0.08507534751191431,0.00014057237955304394,0.08507534751191431,3.0398105541483504,1.3617278360175928
1383.0,26,4.15,9.798388292266102,0.12465605379668984,1.0366030527178479e-19,0.12465605379668984,-0.0012525793108124708,0.12465605379668984,3.1408221801093106,1.414973347970818
1179.0,22,3.91,9.800028227555126,0.07116980565169606,-5.405033146201421e-19,0.07116980565169606,-0.0033062380744348758,0.07116980565169606,3.071513805095089,1.3424226808222062
1380.0,11,4.15,9.79967165120443,0.051402527365763666,-1.5529905403982836e-19,0.051402527365763666,0.007009128013448638,0.051402527365763666,3.1398790864012365,1.0413926851582251
1841.0,24,4.68,9.804521685805275,0.08768783037674939,-2.269731650810774e-19,0.08768783037674939,-0.005921277994108928,0.08768783037674939,3.2650537885040145,1.380211241711606
1673.0,23,4.49,9.798571140289308,0.06744643624617427,8.673617379884054e-20,0.06744643624617427,-0.0018495288589353432,0.06744643624617427,3.2234959409623944,1.3617278360175928
1015.0,23,3.73,9.800680815710276,0.05294192322586566,-7.481508830042131e-20,0.05294192322586566,-0.0009382999079930146,0.05294192322586566,3.0064660422492318,1.3617278360175928
1424.0,36,4.2,9.801036548026804,0.05659198712049827,2.8450436932581045e-19,0.05659198712049827,-0.0008128885218786683,0.05659198712049827,3.1535099893008374,1.5563025007672873
1693.0,30,4.51,9.800337103881837,0.04849749686181805,-2.3684758035135183e-19,0.04849749686181805,0.0008111650511081134,0.04849749686181805,3.2286569581089353,1.4771212547196624
1496.0,15,4.28,9.801345424186893,0.048529767718759755,1.5354426009941325e-19,0.048529767718759755,-0.0032019772052698605,0.048529767718759755,3.1749315935284423,1.1760912590556813
1049.0,17,3.76,9.80024915152449,0.05903293614212678,-2.2001370914827793e-19,0.05903293614212678,-0.0007143032778221019,0.05903293614212678,3.020775488193558,1.2304489213782739
1210.0,10,3.95,9.799802362964412,0.04605441323306417,2.8727904697705103e-19,0.04605441323306417,0.001330387360095118,0.04605441323306417,3.0827853703164503,1.0
1623.0,47,4.43,9.799052555288068,0.09699389567172931,2.081668171172169e-18,0.09699389567172931,0.0013397923723154227,0.09699389567172931,3.210318519826232,1.6720978579357175
1050.0,17,3.76,9.7933663093753,0.1446623133102632,-6.346549302354188e-20,0.1446623133102632,-0.007177263663807288,0.1446623133102632,3.0211892990699383,1.2304489213782739
1525.0,22,4.31,9.802104274279452,0.08587975222982779,-6.891367233332524e-19,0.08587975222982779,-0.002355256466039372,0.08587975222982779,3.1832698436828046,1.3424226808222062
1744.0,43,4.57,9.801799975475634,0.14586043439980315,-9.19612445096141e-20,0.14586043439980315,-0.0013089739800821651,0.14586043439980315,3.2415464805965484,1.6334684555795864
1249.0,29,3.99,9.799153203462298,0.09483072846685049,-1.663965018404069e-18,0.09483072846685049,-0.0039266876514861505,0.09483072846685049,3.0965624383741357,1.462397997898956
1142.0,23,3.88,9.800253786087037,0.08819508539540014,-8.912141857830845e-19,0.08819508539540014,0.008982245009802476,0.08819508539540014,3.0576661039098294,1.3617278360175928
1374.0,23,4.14,9.801155822140046,0.056717072563486334,-3.9878700597168008e-19,0.056717072563486334,-0.0010772180947496075,0.056717072563486334,3.137986732723532,1.3617278360175928
1167.0,22,3.9,9.796214104916189,0.07357920196111706,-1.9377230316762213e-19,0.07357920196111706,-0.0050416043860687975,0.07357920196111706,3.0670708560453703,1.3424226808222062
856.0,18,3.54,9.799651752323301,0.07269412883757832,1.405801881830555e-18,0.07269412883757832,0.0038660592099782703,0.07269412883757832,2.932473764677153,1.255272505103306
907.0,15,3.6,9.79893646993135,0.06945115721495487,-3.1955432452204267e-19,0.06945115721495487,0.011317398652660515,0.06945115721495487,2.957607287060095,1.1760912590556813
944.0,10,3.64,9.80542941233317,0.0631464145659301,-7.794690818722454e-19,0.0631464145659301,-0.006546781444959991,0.0631464145659301,2.974971994298069,1.0
1005.0,42,3.71,9.803333764978358,0.08192620997655897,2.5984012385654463e-18,0.08192620997655897,0.0011880456252718488,0.08192620997655897,3.002166061756508,1.6232492903979006
733.0,8,3.4,9.801212187989117,0.08201740985730462,-9.26770076206787e-19,0.08201740985730462,0.000808672991353235,0.08201740985730462,2.8651039746411278,0.9030899869919435
1046.0,31,3.76,9.799833666650871,0.08450629986419889,1.41516915145476e-19,0.08450629986419889,0.00348086732717653,0.08450629986419889,3.0195316845312554,1.4913616938342726
1597.0,34,4.4,9.802049436092378,0.08716501647278303,-4.868067754459917e-19,0.08716501647278303,0.0007851828379034726,0.08716501647278303,3.203304916138483,1.5314789170422551
1038.0,31,3.75,9.798597059869145,0.08840122032120988,-1.8248389812223566e-19,0.08840122032120988,-0.00025437791243412367,0.08840122032120988,3.016197353512439,1.4913616938342726
1690.0,29,4.51,9.80258807438176,0.09969129889918837,1.5908683584567796e-18,0.09969129889918837,0.009504891178713198,0.09969129889918837,3.2278867046136734,1.462397997898956
1360.0,23,4.12,9.799516536318023,0.06086132688672596,-1.330884043217394e-19,0.06086132688672596,0.0013138401613230692,0.06086132688672596,3.1335389083702174,1.3617278360175928
998.0,12,3.7,9.799910452706474,0.06675770809392685,-1.2841459497490685e-19,0.06675770809392685,-0.003738867745122091,0.06675770809392685,2.999130541287371,1.0791812460476249
870.0,15,3.56,9.798053816872082,0.059611708212907004,-3.3896895507592784e-19,0.059611708212907004,-0.002974009211890012,0.059611708212907004,2.9395192526186187,1.1760912590556813
1012.0,34,3.72,9.80433840923999,0.1069214846731506,7.189697317956422e-19,0.1069214846731506,0.001016722916109631,0.1069214846731506,3.0051805125037805,1.5314789170422551
1212.0,37,3.95,9.79953073692322,0.10444850170672994,8.651933336434324e-19,0.10444850170672994,-0.005200074670044354,0.10444850170672994,3.0835026198302673,1.568201724066995
837.0,17,3.52,9.801063590105844,0.06237897397140693,-8.4695322650632315e-19,0.06237897397140693,-0.0006610439663891505,0.06237897397140693,2.92272545799326,1.2304489213782739
1257.0,34,4.01,9.799826878767748,0.08247539765473026,4.2200484559820427e-19,0.08247539765473026,-0.004591792511647962,0.08247539765473026,3.0993352776859577,1.5314789170422551
2402.0,36,5.32,9.800065483028051,0.11007748429464206,1.504909682150816e-19,0.11007748429464206,-0.0012200948420669387,0.11007748429464206,3.3805730030668872,1.5563025007672873
1536.0,44,4.33,9.796651848136605,0.08863590878956448,-1.824838981222355e-19,0.08863590878956448,-0.0006190028429111058,0.08863590878956448,3.186391215695493,1.6434526764861874
1475.0,19,4.26,9.80121306122674,0.05420730081349092,2.712914769374835e-19,0.05420730081349092,-0.00036475819165885076,0.05420730081349092,3.1687920203141817,1.2787536009528289
1803.0,38,4.64,9.80055645070674,0.050517083726889435,-1.5615163766170434e-18,0.050517083726889435,0.002146550256512944,0.050517083726889435,3.255995726722402,1.5797835966168101
1576.0,36,4.38,9.79864211694981,0.08190123248821582,-4.781067141106808e-19,0.08190123248821582,0.000809987836931908,0.08190123248821582,3.1975562131535367,1.5563025007672873
1521.0,29,4.31,9.798856178606062,0.06555241407378762,3.0052251766922154e-19,0.06555241407378762,-0.0003718529476540741,0.06555241407378762,3.182129214052998,1.462397997898956
1772.0,46,4.6,9.799533281447014,0.06512256526729746,-2.2634478161790018e-20,0.06512256526729746,0.000686360726960421,0.06512256526729746,3.248463717551032,1.662757831681574
1715.0,51,4.54,9.80150907319965,0.0804237599644768,4.100255488672452e-20,0.0804237599644768,-0.002440000356982446,0.0804237599644768,3.2342641243787895,1.7075701760979363
1556.0,39,4.35,9.799070848505549,0.08622860238013501,7.580501658714155e-19,0.08622860238013501,0.010791401064678286,0.08622860238013501,3.1920095926536702,1.591064607026499
1093.0,27,3.82,9.79956527881408,0.07583255826688352,9.073188517609035e-19,0.07583255826688352,-0.012311022487506842,0.07583255826688352,3.038620161949703,1.4313637641589874
1521.0,37,4.31,9.802638467510095,0.10289877850187155,5.457557003073093e-19,0.10289877850187155,0.009736535861220969,0.10289877850187155,3.182129214052998,1.568201724066995
1305.0,24,4.06,9.801120989347758,0.05239997684151631,4.058339921429948e-19,0.05239997684151631,-0.00440786622694979,0.05239997684151631,3.1156105116742996,1.380211241711606
1181.0,7,4.38,9.799676783978938,0.05656258575184464,-8.294146619514109e-19,0.05656258575184464,0.0029841389536797132,0.05656258575184464,3.072249897613515,0.8450980400142568
1532.0,29,4.32,9.799771222432454,0.06636304438315392,-1.9479554372030359e-10,0.06636304438315392,3.747263180667625e-11,0.06636304438315392,3.185258765296585,1.462397997898956
1764.0,86,4.59,9.79784203969759,0.08492643860881592,2.911673139526634e-11,0.08492643860881592,5.6229383427444103e-11,0.08492643860881592,3.246498580795801,1.9344984512435677
1423.0,20,4.2,9.80147238855777,0.06787779496733032,-3.765181774582204e-10,0.06787779496733032,-6.066463645256423e-11,0.06787779496733032,3.153204900084284,1.3010299956639813
1743.0,38,4.57,9.800765160953295,0.08243889226753653,-4.878799849919613e-10,0.08243889226753653,3.97831123707045e-10,0.08243889226753653,3.2412973871099933,1.5797835966168101
2322.0,33,5.24,9.800703679100941,0.0906824685895582,6.880284080600235e-10,0.0906824685895582,-6.765172496084823e-10,0.0906824685895582,3.365862215402555,1.5185139398778875
2134.0,41,5.02,9.797809517471881,0.07465994194669283,3.860659176959031e-10,0.07465994194669283,-4.141949594338425e-10,0.07465994194669283,3.329194415088451,1.6127838567197355
1993.0,55,4.86,9.798323483369789,0.10805367843843078,-4.709143241314416e-10,0.10805367843843078,1.7585257907584738e-10,0.10805367843843078,3.2995072987004876,1.7403626894942439
2489.0,76,5.43,9.789618640475803,0.10864243228144117,-5.546777541329473e-10,0.10864243228144117,1.1665608990922553e-09,0.10864243228144117,3.3960248966085933,1.8808135922807914
1548.0,79,4.34,9.79911180130423,0.1128034186239052,2.717440864461816e-10,0.1128034186239052,-3.183935180389004e-10,0.1128034186239052,3.189770956346874,1.8976270912904414
2174.0,164,5.07,9.798262528035593,0.08190683788006677,6.148091543811472e-10,0.08190683788006677,2.3415987933064506e-10,0.08190683788006677,3.3372595397502756,2.214843848047698
1771.0,55,4.59,9.799267025677807,0.07207045500300979,-1.8748824005640768e-10,0.07207045500300979,2.5220883491661744e-10,0.07207045500300979,3.248218561190075,1.7403626894942439
2488.0,30,5.46,9.799764973015956,0.0643921852631452,-3.3585932513094735e-10,0.0643921852631452,-2.378580555856761e-10,0.0643921852631452,3.3958503760187813,1.4771212547196624
2274.0,70,5.18,9.799162761981671,0.07837716609291517,-4.4274628397030036e-11,0.07837716609291517,2.8469634049914316e-10,0.07837716609291517,3.356790460351716,1.845098040014257
1988.0,26,4.85,9.801296180725098,0.0603927472463245,3.976250897024735e-10,0.0603927472463245,7.608882303575356e-10,0.0603927472463245,3.2984163800612945,1.414973347970818
2151.0,56,5.04,9.801835111844339,0.07869210761387015,-3.408780962514493e-10,0.07869210761387015,-3.0909415517036164e-10,0.07869210761387015,3.3326404103874627,1.7481880270062005
1897.0,31,4.75,9.799949862332953,0.0680310702712611,9.252641081514431e-10,0.0680310702712611,-6.164060271423845e-10,0.0680310702712611,3.2780673308886628,1.4913616938342726
2108.0,76,4.99,9.79858893038377,0.09605818538276897,-4.3190923313999016e-10,0.09605818538276897,5.2718551780624e-10,0.09605818538276897,3.323870606540509,1.8808135922807914
1895.0,50,4.75,9.799953448646948,0.08067009587224631,-1.8103541302299677e-10,0.08067009587224631,-7.77526354658816e-10,0.08067009587224631,3.2776092143040914,1.6989700043360187
1257.0,21,4.01,9.800035884016651,0.07282338426042127,-1.2356881125594517e-09,0.07282338426042127,-1.845555251899715e-10,0.07282338426042127,3.0993352776859577,1.3222192947339193
909.0,30,4.87,9.802104646629758,0.07715026165157607,1.4339610547306354e-10,0.07715026165157607,3.368891529280337e-10,0.07715026165157607,2.9585638832219674,1.4771212547196624
1347.0,25,4.11,9.799732221214517,0.07796112066960685,-2.9305037361161594e-19,0.07796112066960685,0.0005159469543822751,0.07796112066960685,3.1293675957229854,1.3979400086720377
1369.0,23,4.14,9.797513119174589,0.06352660601487302,-1.6927543596225326e-19,0.06352660601487302,0.004667666929120684,0.06352660601487302,3.13640344813399,1.3617278360175928
1215.0,36,3.96,9.799241713205975,0.05002318698790793,3.338092583800481e-19,0.05002318698790793,-0.0023800811831126466,0.05002318698790793,3.084576277934331,1.5563025007672873
1329.0,26,4.09,9.80002672594647,0.0694971356653287,-4.088030517030616e-19,0.0694971356653287,0.0016228699312022898,0.0694971356653287,3.123524980942732,1.414973347970818
1032.0,16,3.74,9.798773354063645,0.06254690845622077,1.8342012020193369e-19,0.06254690845622077,0.006957039995929072,0.06254690845622077,3.0136796972911926,1.2041199826559248
1006.0,28,3.71,9.796705577649572,0.08207467473038456,1.7237673277074802e-18,0.08207467473038456,0.004174792070464116,0.08207467473038456,3.0025979807199086,1.4471580313422192
810.0,17,3.48,9.797287314658943,0.06317538967759792,-4.457835909196212e-19,0.06317538967759792,-0.005171407524826815,0.06317538967759792,2.90848501887865,1.2304489213782739
862.0,8,3.56,9.796067875693828,0.05280489436903028,-1.1224681315144046e-18,0.05280489436903028,0.0037593789554585142,0.05280489436903028,2.9355072658247128,0.9030899869919435
1692.0,25,4.5,9.800292013512285,0.07419592837366007,3.341475547988117e-20,0.07419592837366007,-0.0010959418933255303,0.07419592837366007,3.228400358703005,1.3979400086720377
1148.0,27,3.88,9.801286950700739,0.0740489295320559,-1.7054865634603441e-19,0.0740489295320559,0.00456632962461789,0.0740489295320559,3.059941888061955,1.4313637641589874
1009.0,14,3.72,9.799314727359349,0.059517328336941504,9.791550286624648e-19,0.059517328336941504,-0.007754999275662381,0.059517328336941504,3.0038911662369103,1.146128035678238
1386.0,26,4.16,9.799700202941896,0.07771383187883488,-2.790642113527909e-19,0.07771383187883488,0.006135852893438012,0.07771383187883488,3.141763230275788,1.414973347970818
823.0,19,3.5,9.79881199076206,0.0731234090205827,-5.22612895294278e-19,0.0731234090205827,-0.0015340065301466424,0.0731234090205827,2.91539983521227,1.2787536009528289
1121.0,18,3.84,9.799676781892778,0.06797391874843398,8.402566836762659e-19,0.06797391874843398,-0.002060365925841199,0.06797391874843398,3.049605612594973,1.255272505103306
1223.0,26,3.96,9.801276907151745,0.07959145343214374,2.5804262456508003e-19,0.07959145343214374,-0.004355848470203916,0.07959145343214374,3.0874264570362855,1.414973347970818
1562.0,18,4.36,9.79772639239276,0.06728261978496193,-3.2178934771194994e-19,0.06728261978496193,-0.004319851554364124,0.06728261978496193,3.1936810295412816,1.255272505103306
1783.0,27,4.62,9.799715613684825,0.04749260011525653,8.913883789299115e-20,0.04749260011525653,0.001632853505467473,0.04749260011525653,3.2511513431753545,1.4313637641589874
1518.0,41,4.31,9.799636264764347,0.0509292989985908,-2.8521870879388757e-19,0.0509292989985908,-0.0017266239044804643,0.0509292989985908,3.1812717715594614,1.6127838567197355
1104.0,26,3.83,9.799941812829125,0.08316986214057492,1.7219784538686688e-19,0.08316986214057492,0.0008574855428407544,0.08316986214057492,3.0429690733931802,1.414973347970818
893.0,20,3.58,9.804130968145424,0.07264401797919838,9.095577144310828e-19,0.07264401797919838,-0.0027171123884624855,0.07264401797919838,2.9508514588885464,1.3010299956639813
838.0,13,3.52,9.798677123006184,0.06196369218031175,2.590520368733878e-19,0.06196369218031175,-0.0037921807165997388,0.06196369218031175,2.9232440186302764,1.1139433523068367
812.0,16,3.49,9.801206159333928,0.07057225608246488,-2.025406869248596e-18,0.07057225608246488,0.002928039395366047,0.07057225608246488,2.9095560292411755,1.2041199826559248
1060.0,35,3.78,9.799066494691719,0.0748943733459795,-3.30102719700441e-19,0.0748943733459795,0.00495347552482711,0.0748943733459795,3.0253058652647704,1.5440680443502757
1832.0,46,4.67,9.800072965739686,0.05320866512578039,-6.182074732546074e-19,0.05320866512578039,-9.778276014133016e-05,0.05320866512578039,3.2629254693318317,1.662757831681574
1708.0,33,4.52,9.800365919710986,0.07715846988893006,-5.010128313367232e-19,0.07715846988893006,-0.004124361294033849,0.07715846988893006,3.232487866352986,1.5185139398778875
1328.0,18,4.08,9.799399181968289,0.0764766621253292,1.0590943327016289e-19,0.0764766621253292,0.0005351560843682817,0.0764766621253292,3.1231980750319988,1.255272505103306
1142.0,34,3.87,9.798508271610034,0.11616420149345251,1.0745081295315167e-18,0.11616420149345251,-0.0016160515384975361,0.11616420149345251,3.0576661039098294,1.5314789170422551
1335.0,18,4.1,9.800014015756004,0.06605236828873343,4.0034139475552577e-19,0.06605236828873343,0.001614844492825397,0.06605236828873343,3.125481265700594,1.255272505103306
1299.0,32,4.05,9.797292608828158,0.1096781040351978,-6.4700497212107915e-19,0.1096781040351978,0.0007873609946436764,0.1096781040351978,3.1136091510730277,1.505149978319906
1386.0,18,4.16,9.796464432888346,0.06146227894096958,9.555198162757492e-19,0.06146227894096958,-0.0019308955922980576,0.06146227894096958,3.141763230275788,1.255272505103306
1523.0,19,4.31,9.800725326850767,0.06073157868040924,1.7562978108686866e-19,0.06073157868040924,0.0032645180946997156,0.06073157868040924,3.1826999033360424,1.2787536009528289
1023.0,14,3.74,9.800144214854521,0.06487231868150542,1.0510383413271262e-19,0.06487231868150542,0.004273229837745582,0.06487231868150542,3.00987563371216,1.146128035678238
1304.0,17,4.06,9.801715312110055,0.06895580104016667,2.1684043449710081e-19,0.06895580104016667,-0.0013523773075947956,0.06895580104016667,3.1152775913959014,1.2304489213782739
978.0,20,3.68,9.802231813513718,0.0962018256418865,2.3531901065424505e-18,0.0962018256418865,-0.001426817914983526,0.0962018256418865,2.9903388547876015,1.3010299956639813
926.0,14,3.63,9.799175667098806,0.06673127450950127,5.028502227831502e-19,0.06673127450950127,-0.012979824655453713,0.06673127450950127,2.966610986681934,1.146128035678238
1317.0,14,4.07,9.797918252270632,0.054242087252978605,1.2265721547310766e-19,0.054242087252978605,-0.001299864985009417,0.054242087252978605,3.119585774961784,1.146128035678238
836.0,20,3.52,9.799123776315273,0.06549790203285272,-4.536202192927857e-19,0.06549790203285272,0.0013255451466387925,0.06549790203285272,2.9222062774390163,1.3010299956639813
953.0,19,3.65,9.8004201446041,0.06626575604844484,-5.07359984371711e-19,0.06626575604844484,-0.00042367732944670333,0.06626575604844484,2.979092900638326,1.2787536009528289
1316.0,23,4.07,9.801017608174519,0.06173703673089983,-2.128495062548228e-19,0.06173703673089983,-0.003211135932005569,0.06173703673089983,3.1192558892779365,1.3617278360175928
982.0,7,3.68,9.799701504893118,0.049304361392167234,-2.4105897653184225e-19,0.049304361392167234,-0.0005202477253672851,0.049304361392167234,2.9921114877869495,0.8450980400142568
801.0,10,3.48,9.79951024743575,0.0500416267135297,6.862039066363951e-19,0.0500416267135297,0.0014987014891942013,0.0500416267135297,2.9036325160842376,1.0
817.0,22,3.49,9.800327627282394,0.08186846991277344,-5.158519810141554e-19,0.08186846991277344,0.00020064925562843374,0.08186846991277344,2.9122220565324155,1.3424226808222062
872.0,11,3.56,9.795025308687393,0.05464813716438677,-1.0016245823619504e-18,0.05464813716438677,0.003430330842848732,0.05464813716438677,2.940516484932567,1.0413926851582251
3188.0,6,6.25,9.800059455242044,0.0384188740583732,-2.0664509091630177e-19,0.0384188740583732,-0.0004953460788914132,0.0384188740583732,3.5035183127240748,0.7781512503836436
1648.0,0,4.45,9.800326321213335,0.04139455438317096,9.235796284135776e-20,0.04139455438317096,0.0025603329360007502,0.04139455438317096,3.216957207361097,0
1332.0,1,4.09,9.800588289896647,0.030791285099548156,-7.806255641895634e-19,0.030791285099548156,-0.0021016719462260804,0.030791285099548156,3.1245042248342823,0.0
967.0,27,3.67,9.801957565566243,0.07280786813383516,4.616128571667095e-19,0.07280786813383516,-0.0015346351427148383,0.07280786813383516,2.9854264740830017,1.4313637641589874
1228.0,25,3.97,9.79710613955622,0.07377378728644679,9.371952743788358e-19,0.07377378728644679,0.001799284587286197,0.07377378728644679,3.089198366805149,1.3979400086720377
1373.0,13,4.14,9.79744752863834,0.05559437819080827,-3.3086698328179895e-19,0.05559437819080827,-0.0023989533261705573,0.05559437819080827,3.137670537236755,1.1139433523068367
1612.0,16,4.41,9.79857011587313,0.05955530674280217,1.9511345234749044e-18,0.05955530674280217,0.003333479888316824,0.05955530674280217,3.2073650374690716,1.2041199826559248
1202.0,20,3.94,9.804481534240068,0.0728853509068702,-4.318155749340114e-19,0.0728853509068702,-0.003325505179052554,0.0728853509068702,3.079904467666721,1.3010299956639813
1017.0,32,3.73,9.799407433867454,0.09472983827710972,1.1926223897340545e-19,0.09472983827710972,0.004539926669694895,0.09472983827710972,3.0073209529227447,1.505149978319906
1417.0,23,4.18,9.79894161617633,0.06959908721583925,1.9672121892520502e-19,0.06959908721583925,0.0010159404076986562,0.06959908721583925,3.1513698502474603,1.3617278360175928
1559.0,21,4.37,9.800656067420698,0.09493391480225197,1.5153906074798665e-18,0.09493391480225197,0.0022256012230726344,0.09493391480225197,3.192846115188842,1.3222192947339193
2220.0,44,5.12,9.799560474194978,0.06956854140261085,-2.7025165731007096e-19,0.06956854140261085,-0.005235187106156871,0.06956854140261085,3.346352974450639,1.6434526764861874
1206.0,35,3.94,9.801044059454226,0.09257618352287666,3.520468230658812e-19,0.09257618352287666,-0.006016814469495446,0.09257618352287666,3.0813473078041325,1.5440680443502757
1018.0,20,3.73,9.795428116839867,0.08111904646241963,-1.5838779563266504e-19,0.08111904646241963,-0.0007491011560944202,0.08111904646241963,3.00774777800074,1.3010299956639813
853.0,26,3.54,9.800814702208612,0.09194408097440125,-1.9937103611226403e-18,0.09194408097440125,0.002552343361667142,0.09194408097440125,2.930949031167523,1.414973347970818
992.0,2,3.69,9.799637637782741,0.0382618937883006,2.618559615790856e-18,0.0382618937883006,-0.004478222394909669,0.0382618937883006,2.9965116721541785,0.3010299956639812
1589.0,22,4.4,9.797887629917689,0.09424153364244313,-5.136871013293109e-19,0.09424153364244313,0.00013745472998947397,0.09424153364244313,3.2011238972073794,1.3424226808222062
1232.0,24,3.99,9.802515851613638,0.0940910266326467,2.215288763240655e-19,0.0940910266326467,0.0011828931362707583,0.0940910266326467,3.090610707828407,1.380211241711606
1043.0,31,3.76,9.798811606060376,0.08683556374613229,1.5770213793962171e-19,0.08683556374613229,0.0006790175363045193,0.08683556374613229,3.018284308426531,1.4913616938342726
1856.0,47,4.7,9.802466757225268,0.09386319860422747,4.941333537630907e-19,0.09386319860422747,0.004860565444608699,0.09386319860422747,3.268577971882843,1.6720978579357175
1816.0,36,4.65,9.800935247953952,0.09441835690942961,1.7503516154000242e-19,0.09441835690942961,-7.44928121242358e-05,0.09441835690942961,3.2591158441850663,1.5563025007672873
1604.0,18,4.4,9.80409352945727,0.06889954032606918,5.062972005467195e-19,0.06889954032606918,-0.0005680883344018114,0.06889954032606918,3.2052043639481447,1.255272505103306
1849.0,21,4.69,9.801047062683104,0.07324383085372037,1.468732542993691e-19,0.07324383085372037,-0.006669527111278703,0.07324383085372037,3.266936911159173,1.3222192947339193
1489.0,28,4.28,9.79679047455659,0.09319019750120017,4.2004676841599546e-19,0.09319019750120017,0.012028631285341436,0.09319019750120017,3.1728946977521764,1.4471580313422192
1694.0,34,4.51,9.798013133239747,0.10740992129139074,-4.675886765163102e-19,0.10740992129139074,-0.0044124153671068434,0.10740992129139074,3.228913405994688,1.5314789170422551
2965.0,114,5.99,9.803110936523243,0.11697488295994568,-1.0496734408776856e-19,0.11697488295994568,-0.003419116581864212,0.11697488295994568,3.4720246977002813,2.0569048513364727
1316.0,46,4.07,9.79763396431418,0.123066549323863,8.075467670680632e-19,0.123066549323863,-0.0018420368394661726,0.123066549323863,3.1192558892779365,1.662757831681574
1069.0,45,3.79,9.798574390169941,0.16758321820043603,1.64688937592735e-19,0.16758321820043603,-0.00502225843481793,0.16758321820043603,3.028977705208778,1.6532125137753437
1003.0,35,3.71,9.79567383626302,0.1114607162726303,2.15105711021124e-18,0.1114607162726303,0.001352633292735108,0.1114607162726303,3.0013009330204183,1.5440680443502757
1149.0,22,3.88,9.799191717529297,0.0687388559697424,-1.0685896612017132e-18,0.0687388559697424,0.001899378771333874,0.0687388559697424,3.060320028688285,1.3424226808222062
2070.0,44,4.95,9.797792109749533,0.09247409689589296,-5.80343853781332e-19,0.09247409689589296,-0.0034497293616366363,0.09247409689589296,3.315970345456918,1.6434526764861874
1178.0,17,3.91,9.804880620461923,0.07948775045113185,-3.85494105772623e-20,0.07948775045113185,0.002511548346573025,0.07948775045113185,3.0711452904510828,1.2304489213782739
1687.0,42,4.5,9.801403959083556,0.07103262594751,-7.121039868884795e-19,0.07103262594751,-0.0016321579852986694,0.07103262594751,3.2271150825891253,1.6232492903979006
1262.0,28,4.01,9.795716066763434,0.10939864872726891,-2.6143015764720904e-19,0.10939864872726891,-0.002286653177083948,0.10939864872726891,3.1010593549081156,1.4471580313422192
2091.0,33,4.97,9.800319229517228,0.09744736332344414,5.471050962696087e-19,0.09744736332344414,0.006163214966151172,0.09744736332344414,3.3203540328176717,1.5185139398778875
1716.0,11,4.53,9.798952610160732,0.053527107969394964,-1.6864147209496052e-18,0.053527107969394964,-0.006184541894597995,0.053527107969394964,3.2345172835126865,1.0413926851582251
2461.0,166,5.4,9.799616047826307,0.10362154824339397,-4.498317427360549e-19,0.10362154824339397,0.001096699031354937,0.10362154824339397,3.3911116137028023,2.220108088040055
2674.0,0,6.53,9.80103262859842,0.018498697396704497,5.861425906406108e-19,0.018498697396704497,-0.0010052497814874693,0.018498697396704497,3.4271614029259654,0
1295.0,24,4.05,9.798935876069246,0.05403022800935938,-6.951770667863274e-10,0.05403022800935938,4.972173798514996e-10,0.05403022800935938,3.1122697684172707,1.380211241711606
1314.0,29,4.07,9.800024831413042,0.08456015004703092,1.420190496580862e-10,0.08456015004703092,-2.7700049477454475e-10,0.08456015004703092,3.118595365223762,1.462397997898956
1295.0,31,4.05,9.80057831882091,0.08315500532489735,1.2768702635107864e-10,0.08315500532489735,-3.9131916212732493e-11,0.08315500532489735,3.1122697684172707,1.4913616938342726
1014.0,14,3.72,9.797510111191695,0.06389123743252541,-8.339755801486847e-10,0.06389123743252541,1.4656723067664153e-10,0.06389123743252541,3.0060379549973173,1.146128035678238
1154.0,28,3.88,9.80328841558317,0.09056225358248743,-1.7693878916754179e-09,0.09056225358248743,2.722266308538098e-09,0.09056225358248743,3.0622058088197126,1.4471580313422192
1057.0,39,3.77,9.798048713730603,0.0722932082127795,7.140062323541339e-10,0.0722932082127795,-4.1153962487201856e-10,0.0722932082127795,3.024074987307426,1.591064607026499
1356.0,37,4.12,9.799075215795767,0.07019206366465226,3.07956643790192e-11,0.07019206366465226,2.965796957155745e-10,0.07019206366465226,3.1322596895310446,1.568201724066995
1150.0,26,3.88,9.800488038371792,0.07011715863179305,-3.9521762178531317e-10,0.07011715863179305,-4.918048019979578e-10,0.07011715863179305,3.060697840353612,1.414973347970818
1447.0,27,4.23,9.803144172720007,0.06800586395535978,-2.0174258106040526e-10,0.06800586395535978,1.3758100295212844e-11,0.06800586395535978,3.1604685311190375,1.4313637641589874
1275.0,18,4.02,9.798999189036762,0.05767400289646451,-2.5160886945312045e-10,0.05767400289646451,-6.193661080005005e-10,0.05767400289646451,3.1055101847699738,1.255272505103306
1329.0,21,4.09,9.799283198921048,0.06740019332592591,7.407906742712959e-11,0.06740019332592591,-1.4979061960216517e-11,0.06740019332592591,3.123524980942732,1.3222192947339193
1251.0,36,4.0,9.796118986381677,0.07510633402766413,-4.831492742476977e-10,0.07510633402766413,1.7834569304505314e-10,0.07510633402766413,3.09725730969342,1.5563025007672873
1829.0,23,4.67,9.798575928967871,0.06996615747503565,-2.2275412367955251e-10,0.06996615747503565,2.052363198513386e-10,0.06996615747503565,3.262213705476417,1.3617278360175928
1439.0,17,4.22,9.800882183421741,0.05320444997193467,8.858459925642221e-11,0.05320444997193467,-1.2089786172660531e-10,0.05320444997193467,3.158060793936605,1.2304489213782739
1142.0,75,3.87,9.797993225324555,0.07862821085838217,1.986455063041045e-10,0.07862821085838217,-1.689150201888631e-11,0.07862821085838217,3.0576661039098294,1.8750612633917
966.0,13,3.67,9.80139291127523,0.05213138642823475,3.180541067804087e-10,0.05213138642823475,-1.972378533425181e-10,0.05213138642823475,2.9849771264154934,1.1139433523068367
1063.0,24,3.78,9.797834733028541,0.059403638950678496,7.478099546912218e-10,0.059403638950678496,-6.31051348791327e-10,0.059403638950678496,3.0265332645232967,1.380211241711606
1065.0,31,3.78,9.801055989223245,0.07793551986370321,-5.986754068403481e-12,0.07793551986370321,2.7722672080939225e-10,0.07793551986370321,3.0273496077747564,1.4913616938342726
1673.0,33,4.48,9.800805506789894,0.0834378416259119,-1.1009470808931763e-10,0.0834378416259119,-5.390193213540645e-10,0.0834378416259119,3.2234959409623944,1.5185139398778875
1678.0,32,4.49,9.80261506954161,0.07967054287915734,-7.015028549571066e-10,0.07967054287915734,3.095694967031581e-10,0.07967054287915734,3.2247919564926817,1.505149978319906
1385.0,21,4.15,9.797634087260972,0.059171260136611045,-2.3463986577593475e-10,0.059171260136611045,-4.443790838136404e-10,0.059171260136611045,3.1414497734004674,1.3222192947339193
1579.0,38,4.38,9.801950271683511,0.07981673131371751,-9.752064559659838e-11,0.07981673131371751,3.9934068581613247e-10,0.07981673131371751,3.1983821300082944,1.5797835966168101
1296.0,19,4.05,9.79916282947247,0.060181504976162294,8.52572598657003e-11,0.060181504976162294,-3.44839851775447e-10,0.060181504976162294,3.1126050015345745,1.2787536009528289
1458.0,14,4.24,9.800505365174393,0.05825475565819603,-6.104517451837508e-10,0.05825475565819603,2.1541748354832548e-10,0.05825475565819603,3.163757523981956,1.146128035678238
1239.0,13,3.98,9.800993139478894,0.053509968954179477,2.250114715939799e-10,0.053509968954179477,-7.294426495577307e-11,0.053509968954179477,3.0930713063760633,1.1139433523068367
